variables,VIF
dwc,1.6752445744665214
rsst,2.205030488734546
dreceivables,1.300854308202197
dinventory,1.2509080316385572
soft_assets,1.0213407496010989
chcs,1.067210294627442
chcashmargin,1.0121866545593123
droa,1.31936643013636
dfcf,1.6384660939195148
issuance,1.0175468690981266
bm,1.032490266756659
