variables,VIF
dwc,1.6752445744665214
rsst,2.205030488734546
dreceivables,1.3008543082021975
dinventory,1.2509080316385572
soft_assets,1.021340749601099
chcs,1.067210294627442
chcashmargin,1.0121866545593121
droa,1.31936643013636
dfcf,1.6384660939195141
issuance,1.0175468690981349
bm,1.032490266756659
